{
  "ResultSetOutput": [
    {
      "id": 1,
      "First_Name": "John ",
      "Last_Name": "Doe",
      "Email": "jdoe@gmail.com",
      "Start_Date": "4/3/2012"
    },
    {
      "id": 2,
      "First_Name": "Stuart",
      "Last_Name": "Motzart",
      "Email": "stuart@gmail.com",
      "Start_Date": "4/3/2012"
    },
    {
      "id": 4,
      "First_Name": "Kelly",
      "Last_Name": "Silver",
      "Email": "Kelley@gmail.com",
      "Start_Date": "4/3/2012"
    },
    {
      "id": 5,
      "First_Name": "Francis",
      "Last_Name": "Gatos",
      "Email": "jdoe@gmail.com",
      "Start_Date": "4/3/2012"
    },
    {
      "id": "6",
      "First_Name": "Amrith",
      "Last_Name": "Maldonado",
      "Email": "Amrith@gmail.com",
      "Start_Date": "13/6/2018"
    }
  ]
}