{
  "Address": [
    {
      "id": 1,
      "First_Name": "John",
      "City": "Hyderabad",
      "State": "Telangana",
      "Country": "INDIA",
      "Zip-Code": "500032"
    },
    {
      "id": 2,
      "First_Name": "Stuart",
      "City": "Hyderabad",
      "State": "Telangana",
      "Country": "INDIA",
      "Zip-Code": "500032"
    },
    {
      "id": 3,
      "First_Name": "Jin",
      "City": "Hyderabad",
      "State": "Telangana",
      "Country": "INDIA",
      "Zip-Code": "500032"
    },
    {
      "id": 4,
      "First_Name": "Kelly",
      "City": "Hyderabad City",
      "State": "Telangana",
      "Country": "INDIA",
      "Zip-Code": "500032"
    },
    {
      "First_Name": "Amrith",
      "City": "New york City",
      "State": "Telangana",
      "Country": "INDIA",
      "Zip-Code": "500032",
      "id": 5
    }
  ]
}